Id,ZooName,ZooAddres,City
0,Cras ultricies,82611 South Columbia Ln.,Port Washington
1,ultrices,33340 East Palm Springs Ave.,Cambridge
2,felis congue bibendum,97922 East Maldives St.,Oxnard
3,molestie consequat volutpat,89475 South Kahului Ln.,Helena
4,porttitor,37550 East Belize Ct.,Evanston
5,Duis,8164 North Nauru Ln.,Anderson
6,adipiscing,6305 East Honduras Way,Pottsville
7,torquent fringilla Donec,32575 West Bouvet Island Ave.,El Paso
8,lorem,3435 East Hazleton St.,Cedarburg
9,convallis molestie vehicula,27918  Austria Ln.,Sheridan
10,fringilla amet nonummy,47063  Vanuatu Way,North Charleston
11,rhoncus,65665  Farrell Way,El Cerrito
12,montes nonummy,43379 East Clemson Blvd.,Gilbert
13,massa,55085 North South Georgia and The South Sandwich Islands St.,Dana Point
14,Lorem Suspendisse,4423 East Argentina St.,Radford
15,mi lorem fermentum,57179 East China Blvd.,Butte
16,felis penatibus fringilla,61674 East Chile Ave.,Chico
17,nulla elementum ligula,32473 West United Arab Emirates Way,Buffalo
18,Integer at Nullam,70945 South Azerbaijan Ave.,Derby
19,egestas tristique felis,53053 South Burundi Way,Lock Haven
20,adipiscing Nam Mauris,19697 South Brazil Blvd.,Wahoo
21,aliquet,10136 North Argentina Way,Temecula
22,Ut ad blandit,58784  Canada Way,Newark
23,fames commodo auctor,10132  Malaysia Ct.,Naperville
24,mus nonummy Curabitur,27219 East Barbados Ct.,Boulder Junction
25,commodo Cum vitae,47849 West Singapore Blvd.,Greenfield
26,aliquet tempus,87763 East Little Rock St.,Dayton
27,Class ullamcorper Donec,32087 South Cook Islands Ln.,Gallup
28,Donec lorem eu,75402 East Chino Hills Ct.,Waterloo
29,dictum Nullam,15223 East Gaithersburg Ln.,Coatesville
30,interdum urna ad,52465 North Australia Way,Corinth
31,cursus non,9604 North Bahrain Ln.,Santa Clarita
32,nisi,55681 East Denmark St.,Hastings
33,dictum,11841  Antarctica St.,Philadelphia
34,pede dolor tempor,24550  Antarctica Ct.,Bloomington
35,ante,69177 West Bulgaria Way,Elsmere
36,congue,2811 West Namibia Ln.,Stevens Point
37,lobortis Nunc,75288 East Hot Springs Blvd.,Albuquerque
38,Mauris,71588  Cape Verde Blvd.,Costa Mesa
39,nostra,55218 East Belgium Ave.,Myrtle Beach
40,sapien porta aliquam,98493  South Africa Ln.,Glen Cove
41,penatibus,40470 South Equatorial Guinea Way,Bay St. Louis
42,penatibus,52154  Wallis and Futuna Ave.,Port Huron
43,Class congue,68258 South Belarus Ave.,Burbank
44,vitae,73221  Dixon Ln.,Stamford
45,odio,91595 East Central African Republic Ave.,North Tonawanda
46,tristique facilisi vitae,70311 North Canada Ct.,Chicago Heights
47,vitae nulla tellus,23927  Cook Islands St.,Rancho Palos Verdes
48,fames congue eros,62357 West Guadeloupe St.,Ypsilanti
49,posuere quam Proin,65115 North Rwanda Ct.,Lubbock
